"1","360L","ListeningHistory","ListeningHistory","FCA_ListeningHistory","28","28","26","2","0","0","92.8","INT/360L/ListeningHistory/TC0010_FCA_ListeningHistory.html"
"2","360L","SignUp","SignUp","FCA_SignUp","6","6","1","5","0","0","16.6","INT/360L/SignUp/TC001_FCA_SignUp.html"
"3","360L","XtraChannel","XtraChannel","FCA_XtraChannel","10","10","8","2","0","0","80.0","INT/360L/XtraChannel/TC012_FCA_XtraChannel.html"
"4","360L","Favorites","Favorites_MY20","FCA_Favorites","196","196","194","2","0","0","98.9","INT/360L/Favorites_MY20/TC009_FCA_Favorites.html"
"5","360L","Search","Search","FCA_Search","15","15","12","3","0","0","80.0","INT/360L/Search/TC011_FCA_Search.html"
"6","360L","NowPlayingAod","NowPlayingAod","FCA_NowPlayingAod","16","16","14","2","0","0","87.5","INT/360L/NowPlayingAod/TC003_FCA_NowPlayingAod.html"
"7","360L","Favorites","Favorites_MY19","FCA_Favorites","196","196","194","2","0","0","98.9","INT/360L/Favorites_MY19/TC009_FCA_Favorites.html"
"8","360L","Authentication","Authentication","FCA_Authentication","11","11","7","4","0","0","63.6","INT/360L/Authentication/TC001_FCA_Authentication.html"
"9","360L","NowPlayingLive","NowPlayingLive","FCA_NowPlayingLive","44","44","38","6","0","0","86.3","INT/360L/NowPlayingLive/TC005_FCA_NowPlayingLive.html"
"10","360L","SATConsumption","SATConsumption","FCA_SATConsumption","19","19","17","2","0","0","89.4","INT/360L/SATConsumption/TC008_FCA_SATConsumption.html"
"11","360L","Favorites","Favorites","FCA_Favorites","196","196","194","2","0","0","98.9","INT/360L/Favorites/TC009_FCA_Favorites.html"
"12","360L","EventsMetrics","EventsMetrics","FCA_EventsMetrics","13","13","11","2","0","0","84.6","INT/360L/EventsMetrics/TC004_FCA_EventsMetrics.html"
"13","360L","Geolocation","Geolocation","FCA_Geolocation","11","11","1","10","0","0","9.0","INT/360L/Geolocation/TC001_FCA_Geolocation.html"
"14","360L","Discover","Discover","FCA_Discover","24","24","22","2","0","0","91.6","INT/360L/Discover/TC011_FCA_Discover.html"
"15","360L","Sports","Sports","FCA_Sports","21","21","18","3","0","0","85.7","INT/360L/Sports/TC008_FCA_Sports.html"
"16","360L","Profiles","Profiles","FCA_Profiles","205","205","61","144","0","0","29.7","INT/360L/Profiles/TC013_FCA_Profiles.html"
"17","360L","SeededRadio","SeededRadio","FCA_SeededRadio","38","38","36","2","0","0","94.7","INT/360L/SeededRadio/TC002_FCA_SeededRadio.html"
